ID,都道府県,市町村,画像URL,弾数
01-215-A,北海道,美唄市 (A001),"http://www.gk-p.jp/wp-content/uploads/mhc/01-215-A-01.jpg
",第29弾
01-229-B,北海道,富良野市 (B001),http://www.gk-p.jp/wp-content/uploads/mhc/01-229-B-01,第29弾
01-634-A,北海道,鹿追町 (A001),http://www.gk-p.jp/wp-content/uploads/mhc/01-634-A-01.jpg,第29弾
01-693-A,北海道,標津町 (A001),http://www.gk-p.jp/wp-content/uploads/mhc/01-693-A-01.jpg,第29弾
02-210-A,青森県,平川市 (A001),http://www.gk-p.jp/wp-content/uploads/mhc/02-210-A-01.jpg,第29弾
03-441-A,岩手県,住田町 (A001),http://www.gk-p.jp/wp-content/uploads/mhc/03-441-A-01.jpg,第29弾
06-210-B,山形県,天童市 (B001),http://www.gk-p.jp/wp-content/uploads/mhc/06-210-B-01.jpg,第29弾
08-203-J,茨城県,土浦市 (J001),http://www.gk-p.jp/wp-content/uploads/mhc/08-203-J-01.jpg,第29弾
08-219-B,茨城県,牛久市 (B001),http://www.gk-p.jp/wp-content/uploads/mhc/08-219-B-01.jpg,第29弾
09-204-B,栃木県,佐野市 (B001),http://www.gk-p.jp/wp-content/uploads/mhc/09-204-B-01.jpg,第29弾
09-215-C,栃木県,那須烏山市 (C001),http://www.gk-p.jp/wp-content/uploads/mhc/09-215-C-01.jpg,第29弾
09-216-B,栃木県,下野市 (B001),http://www.gk-p.jp/wp-content/uploads/mhc/09-216-B-01.jpg,第29弾
09-411-A,栃木県,那珂川町 (A001),http://www.gk-p.jp/wp-content/uploads/mhc/09-411-A-01.jpg,第29弾
11-210-C,埼玉県,加須市 (C001),http://www.gk-p.jp/wp-content/uploads/mhc/11-210-C-01.jpg,第29弾
11-222-D,埼玉県,越谷市 (D001),http://www.gk-p.jp/wp-content/uploads/mhc/11-222-D-01.jpg,第29弾
11-245-B,埼玉県,ふじみ野市 (B001),http://www.gk-p.jp/wp-content/uploads/mhc/11-245-B-01.jpg,第29弾
12-100-C,千葉県,千葉市 (C001),http://www.gk-p.jp/wp-content/uploads/mhc/12-100-C-01.jpg,第29弾
12-205-C,千葉県,館山市 (C001),http://www.gk-p.jp/wp-content/uploads/mhc/12-205-C-01.jpg,第29弾
12-423-C,千葉県,長生村 (C001),http://www.gk-p.jp/wp-content/uploads/mhc/12-423-C-01.jpg,第29弾
13-100-Q1,東京都,東京23区 （Q101）,http://www.gk-p.jp/wp-content/uploads/mhc/13-100-Q1-01.jpg,第29弾
13-100-R1,東京都,東京23区 （R101）,http://www.gk-p.jp/wp-content/uploads/mhc/13-100-R1-01.jpg,第29弾
13-204-B,東京都,三鷹市 (B001),http://www.gk-p.jp/wp-content/uploads/mhc/13-204-B-01.jpg,第29弾
13-229-A,東京都,西東京市 (A001),http://www.gk-p.jp/wp-content/uploads/mhc/13-229-A-01.jpg,第29弾
15-202-G,新潟県,長岡市 (G001),http://www.gk-p.jp/wp-content/uploads/mhc/15-202-G-01.jpg,第29弾
15-213-E,新潟県,燕市 (E001),http://www.gk-p.jp/wp-content/uploads/mhc/15-213-E-01.jpg,第29弾
15-224-I,新潟県,佐渡市 (I001),http://www.gk-p.jp/wp-content/uploads/mhc/15-224-I-01.jpg,第29弾
20-218-D,長野県,千曲市 (D001),http://www.gk-p.jp/wp-content/uploads/mhc/20-218-D-01.jpg,第29弾
20-321-B,長野県,軽井沢町 (B001),http://www.gk-p.jp/wp-content/uploads/mhc/20-321-B-01.jpg,第29弾
21-206-B,岐阜県,中津川市 (B001),http://www.gk-p.jp/wp-content/uploads/mhc/21-206-B-01.jpg,第29弾
21-505-A,岐阜県,八百津町 (A001),http://www.gk-p.jp/wp-content/uploads/mhc/21-505-A-01.jpg,第29弾
22-210-C,静岡県,富士市 (C001),http://www.gk-p.jp/wp-content/uploads/mhc/22-210-C-01.jpg,第29弾
22-221-B,静岡県,湖西市 (B001),http://www.gk-p.jp/wp-content/uploads/mhc/22-221-B-01.jpg,第29弾
25-209-C,滋賀県,甲賀市 (C001),http://www.gk-p.jp/wp-content/uploads/mhc/25-209-C-01.jpg,第29弾
26-344-B,京都府,宇治田原町 (B001),http://www.gk-p.jp/wp-content/uploads/mhc/26-344-B-01.jpg,第29弾
27-218-B,大阪府,大東市 (B001),http://www.gk-p.jp/wp-content/uploads/mhc/27-218-B-01.jpg,第29弾
28-100-D,兵庫県,神戸市 (D001),http://www.gk-p.jp/wp-content/uploads/mhc/28-100-D-01.jpg,第29弾
33-216-A,岡山県,浅口市 (A001),http://www.gk-p.jp/wp-content/uploads/mhc/33-216-A-01.jpg,第29弾
34-212-C,広島県,東広島市 (C001),http://www.gk-p.jp/wp-content/uploads/mhc/34-212-C-01.jpg,第29弾
35-211-A,山口県,長門市 (A001),http://www.gk-p.jp/wp-content/uploads/mhc/35-211-A-01.jpg,第29弾
39-212-E,高知県,香美市 (E001),http://www.gk-p.jp/wp-content/uploads/mhc/39-212-E-01.jpg,第29弾
40-204-A,福岡県,直方市 (A001),http://www.gk-p.jp/wp-content/uploads/mhc/40-204-A-01.jpg,第29弾
40-215-A,福岡県,中間市 (A001),http://www.gk-p.jp/wp-content/uploads/mhc/40-215-A-01.jpg,第29弾
43-443-B,熊本県,益城町 (B001),http://www.gk-p.jp/wp-content/uploads/mhc/43-443-B-01.jpg,第29弾
46-215-B,鹿児島県,薩摩川内市 (B001),http://www.gk-p.jp/wp-content/uploads/mhc/46-215-B-01.jpg,第29弾
47-214-A,沖縄県,宮古島市 (A001),http://www.gk-p.jp/wp-content/uploads/mhc/47-214-A-01.jpg,第29弾
